Date,Supplier_ID,Part_ID,Delivery_Time,Quality_Rating,Quantity_Delivered,Historical_Performance_Score,Approval_Status
2020-01-01,52,34,20,5,540,6.400634660862092,Rejected
2020-01-02,93,45,15,5,553,82.47432373470076,Approved
2020-01-03,15,6,27,8,355,29.238311041219312,Approved
2020-01-04,72,37,7,8,303,44.391945450637785,Rejected
2020-01-05,61,33,11,7,496,2.1913328775008956,Approved
2020-01-06,21,22,20,7,658,30.1046077834313,Approved
2020-01-07,83,21,16,6,768,50.26312426301305,Approved
2020-01-08,87,6,4,6,974,5.617607734743901,Approved
2020-01-09,75,6,6,9,227,49.10957293831652,Rejected
2020-01-10,75,48,26,6,236,92.71106288584274,Approved
2020-01-11,88,4,22,2,873,10.539321810780521,Approved
2020-01-12,24,30,26,2,892,76.44407280755044,Approved
2020-01-13,3,11,3,5,455,40.967105337599264,Rejected
2020-01-14,22,30,9,4,13,65.5173714524338,Rejected
2020-01-15,53,31,28,2,210,26.023659798522935,Approved
2020-01-16,2,24,10,3,741,15.949226254135828,Approved
2020-01-17,88,9,14,7,397,16.046261427122644,Rejected
2020-01-18,30,3,11,8,100,7.049194564314465,Approved
2020-01-19,38,31,18,6,31,18.564670490124303,Approved
2020-01-20,2,40,22,5,898,66.42193849889682,Rejected
2020-01-21,64,37,12,1,528,88.16906118435081,Approved
2020-01-22,60,36,23,8,649,81.41256855911618,Approved
2020-01-23,21,24,12,3,329,68.51343098744842,Rejected
2020-01-24,33,31,13,6,166,11.043186341110268,Rejected
2020-01-25,76,6,25,3,459,28.918744629594983,Approved
2020-01-26,58,2,13,7,822,30.980687532246897,Rejected
2020-01-27,22,20,19,7,952,24.99569463976212,Approved
2020-01-28,89,28,26,9,982,51.50056597097231,Approved
2020-01-29,49,11,19,5,993,53.55538148796726,Approved
2020-01-30,91,4,23,8,100,35.68859751711102,Rejected
2020-01-31,59,15,14,10,621,35.3789158736436,Rejected
2020-02-01,42,6,4,10,855,82.85555979060814,Approved
2020-02-02,92,49,13,8,173,78.92928483196856,Approved
2020-02-03,60,30,8,1,749,30.779583168074566,Rejected
2020-02-04,80,38,29,5,162,91.37884438732593,Rejected
2020-02-05,15,2,23,3,905,95.2815017002506,Rejected
2020-02-06,62,15,21,1,728,32.67425420300408,Approved
2020-02-07,62,11,23,4,776,35.442494879305485,Rejected
2020-02-08,47,8,19,8,263,50.56341534219588,Rejected
2020-02-09,62,26,12,3,804,94.11208125336735,Approved
2020-02-10,51,45,18,10,274,87.63194331423115,Approved
2020-02-11,55,44,6,2,3,10.25679625835898,Approved
2020-02-12,64,5,18,9,28,39.27307432714162,Rejected
2020-02-13,3,6,19,10,326,55.33711897497719,Approved
2020-02-14,51,26,22,5,940,50.313247255154,Approved
2020-02-15,7,4,5,7,149,19.38630679368927,Approved
2020-02-16,21,19,24,2,540,85.88167711681547,Approved
2020-02-17,73,20,9,9,488,67.69407829968374,Rejected
2020-02-18,39,33,27,9,822,83.79083748518036,Approved
2020-02-19,18,20,3,4,438,85.87642793494722,Rejected
2020-02-20,4,49,28,4,65,74.83558536657398,Rejected
2020-02-21,89,12,10,6,356,43.92106012497173,Rejected
2020-02-22,60,47,19,10,533,61.054675501542455,Approved
2020-02-23,14,1,3,10,252,16.036540611974313,Rejected
2020-02-24,9,26,29,10,235,67.36454174749078,Approved
2020-02-25,90,14,29,6,227,17.925325573928074,Approved
2020-02-26,53,38,22,1,525,69.39495905101568,Approved
2020-02-27,2,37,15,9,313,22.959816075396866,Rejected
2020-02-28,84,11,1,2,49,11.755130015021997,Approved
2020-02-29,92,36,7,5,118,16.52844901429574,Approved
2020-03-01,60,13,12,9,54,0.1992135219070268,Approved
2020-03-02,71,43,17,4,650,71.87396178535302,Rejected
2020-03-03,44,3,21,3,565,73.24010490583791,Rejected
2020-03-04,8,33,26,7,44,51.493334991325945,Rejected
2020-03-05,47,6,29,6,815,16.13628010553837,Approved
2020-03-06,35,10,24,8,53,8.355433751068976,Rejected
2020-03-07,78,5,20,3,586,1.912896643728701,Approved
2020-03-08,81,23,5,5,558,16.57481769652207,Approved
2020-03-09,36,10,4,10,525,89.08555349831467,Rejected
2020-03-10,50,44,28,4,677,24.153684170168177,Approved
2020-03-11,4,2,12,4,102,35.42713272172156,Rejected
2020-03-12,2,13,20,4,792,10.534548448133318,Approved
2020-03-13,6,40,28,10,770,22.236130474817028,Rejected
2020-03-14,54,2,24,8,982,51.922457078020514,Approved
2020-03-15,4,20,18,6,849,60.775268309565256,Approved
2020-03-16,54,1,17,3,868,24.535231416621105,Approved
2020-03-17,93,37,19,10,398,5.773215922511721,Approved
2020-03-18,63,9,9,5,138,39.10328691273987,Approved
2020-03-19,18,17,4,6,675,23.420337092633414,Rejected
2020-03-20,90,9,26,5,921,21.955392322980195,Approved
2020-03-21,44,11,21,6,387,95.98628027134552,Rejected
2020-03-22,34,15,2,8,111,61.63004859257241,Rejected
2020-03-23,74,24,4,7,614,55.68784431720959,Rejected
2020-03-24,62,38,2,5,17,41.57751035233219,Approved
2020-03-25,14,35,15,10,780,42.89443334301443,Approved
2020-03-26,95,30,2,6,182,54.090500383808084,Approved
2020-03-27,48,31,4,4,884,69.64298070361072,Rejected
2020-03-28,15,49,6,9,536,70.21460961818295,Approved
2020-03-29,72,5,7,4,541,17.169390770544958,Approved
2020-03-30,78,44,10,1,171,50.0112752076627,Rejected
2020-03-31,87,14,19,7,409,41.195809503410196,Rejected
2020-04-01,62,11,19,7,740,87.05269662693841,Rejected
2020-04-02,40,9,26,4,378,63.14189212183764,Rejected
2020-04-03,85,34,22,3,188,53.25040664159818,Rejected
2020-04-04,80,12,29,8,858,11.539464217891737,Rejected
2020-04-05,82,35,12,5,230,60.56378893234115,Approved
2020-04-06,53,35,3,10,833,11.720390568023342,Rejected
2020-04-07,24,1,13,7,852,33.720657556575205,Approved
2020-04-08,26,40,18,4,119,14.284196481433186,Approved
2020-04-09,89,22,8,4,156,69.20736470243689,Approved
2020-04-10,60,29,21,8,784,20.62521138361526,Rejected
2020-04-11,41,8,15,8,687,39.1859373188026,Approved
2020-04-12,29,11,1,2,465,89.56747776187787,Rejected
2020-04-13,15,41,3,2,104,20.431638339897027,Rejected
2020-04-14,45,37,26,3,604,50.780506395877914,Approved
2020-04-15,65,14,8,3,698,41.9271661166022,Rejected
2020-04-16,89,30,4,1,972,1.8124041045729733,Approved
2020-04-17,71,35,16,3,795,79.27581135728128,Approved
2020-04-18,9,21,23,6,502,6.904590631459973,Rejected
2020-04-19,88,37,10,8,693,47.42550209769536,Approved
2020-04-20,1,5,12,10,682,56.06782949389499,Approved
2020-04-21,8,19,14,6,699,62.842645661458704,Approved
2020-04-22,88,14,14,5,175,68.86316293078755,Rejected
2020-04-23,63,26,2,4,734,25.327238352271507,Approved
2020-04-24,11,4,23,3,745,0.9978776658449373,Rejected
2020-04-25,81,25,5,4,674,72.3443662354912,Rejected
2020-04-26,8,45,5,7,421,53.56565993475786,Approved
2020-04-27,35,42,6,1,134,83.61177032072487,Approved
2020-04-28,35,25,13,7,391,82.13883629006943,Rejected
2020-04-29,33,18,9,1,992,84.33261677878832,Rejected
2020-04-30,5,40,22,2,736,48.50946599795402,Approved
2020-05-01,41,8,28,4,501,33.362839583686565,Approved
2020-05-02,28,39,29,1,665,79.155820259137,Rejected
2020-05-03,7,40,15,9,33,45.12941130292549,Rejected
2020-05-04,73,14,14,6,55,18.34421964034345,Rejected
2020-05-05,72,32,24,1,954,85.49740195614743,Rejected
2020-05-06,12,38,7,1,519,88.25598767723473,Rejected
2020-05-07,34,33,25,6,756,46.63097561401701,Approved
2020-05-08,33,23,20,4,825,7.569972730978747,Rejected
2020-05-09,48,15,2,4,638,38.782608991693124,Rejected
2020-05-10,23,33,7,6,12,80.35376594626034,Approved
2020-05-11,62,25,6,7,528,90.17740285462287,Approved
2020-05-12,88,17,17,9,720,20.347274249759582,Rejected
2020-05-13,37,33,27,10,555,6.697361202527152,Rejected
2020-05-14,99,47,25,5,373,87.73504531328386,Approved
2020-05-15,44,2,25,9,484,38.94049389788753,Rejected
2020-05-16,86,14,28,4,973,54.176096426756324,Rejected
2020-05-17,91,40,2,10,647,96.80658120507589,Approved
2020-05-18,35,40,3,2,228,6.656472791422285,Rejected
2020-05-19,65,39,5,3,623,64.83180074520956,Approved
2020-05-20,99,6,5,1,307,7.410542257486707,Approved
2020-05-21,47,6,1,6,457,37.54689284665004,Approved
2020-05-22,78,3,8,6,160,80.38145451934467,Approved
2020-05-23,3,7,12,1,331,43.34722327556344,Rejected
2020-05-24,1,8,24,3,776,99.71823539029504,Approved
2020-05-25,5,42,4,5,225,55.905928494660216,Rejected
2020-05-26,90,15,13,3,983,32.11621526359535,Rejected
2020-05-27,14,47,23,10,729,22.011132590475313,Rejected
2020-05-28,27,29,15,3,504,35.05205342861618,Rejected
2020-05-29,9,33,11,10,456,37.25332737595508,Rejected
2020-05-30,79,30,10,3,45,6.8713677723960975,Approved
2020-05-31,15,39,3,5,214,36.95741994267732,Approved
2020-06-01,90,27,22,5,59,46.423851973922496,Approved
2020-06-02,42,36,14,4,644,72.27377522388046,Approved
2020-06-03,77,29,16,1,616,65.6729484721608,Rejected
2020-06-04,51,38,10,5,195,70.87656552291543,Approved
2020-06-05,63,33,29,10,925,0.8363681876857099,Rejected
2020-06-06,96,37,10,5,489,21.766739958053606,Rejected
2020-06-07,52,27,12,4,157,66.16842883998565,Approved
2020-06-08,96,33,9,6,610,48.398936817974715,Approved
2020-06-09,4,4,1,10,226,0.5313475668345946,Approved
2020-06-10,94,22,5,4,412,80.44946424318223,Approved
2020-06-11,23,2,20,7,205,77.28095732903374,Rejected
2020-06-12,15,10,8,7,79,54.841916299356264,Rejected
2020-06-13,43,5,11,2,124,6.646332577627212,Approved
2020-06-14,29,10,12,3,471,76.65150495325847,Rejected
2020-06-15,36,33,1,1,940,58.37135877313639,Rejected
2020-06-16,13,38,25,8,218,78.19599771579591,Rejected
2020-06-17,32,13,22,9,516,75.17469923958404,Approved
2020-06-18,71,31,20,4,602,80.30020719578371,Rejected
2020-06-19,59,47,28,6,104,51.80080664046248,Approved
2020-06-20,86,36,25,9,393,14.032451819351499,Approved
2020-06-21,28,45,11,6,631,67.11574733796887,Rejected
2020-06-22,66,24,5,9,645,62.04737850519706,Rejected
2020-06-23,42,15,15,4,824,74.22531871990871,Approved
2020-06-24,45,29,5,8,608,16.98810060507353,Rejected
2020-06-25,62,8,12,9,980,19.497519990028923,Rejected
2020-06-26,57,5,5,4,434,89.04095172193284,Approved
2020-06-27,6,29,17,5,331,74.99777984520708,Approved
2020-06-28,28,47,17,8,143,90.82284887003229,Approved
2020-06-29,28,4,24,10,800,75.87153211639207,Approved
2020-06-30,44,12,12,6,540,59.71553059903019,Rejected
2020-07-01,84,45,24,7,278,65.41327370278736,Rejected
2020-07-02,30,2,28,3,233,88.91279239400099,Approved
2020-07-03,62,27,15,7,529,57.88067545119405,Approved
2020-07-04,75,31,15,8,571,63.239132432838744,Approved
2020-07-05,92,36,6,10,90,15.647671600360058,Rejected
2020-07-06,89,36,12,6,492,47.39212201161027,Approved
2020-07-07,62,26,27,10,199,71.6397111958099,Rejected
2020-07-08,97,43,29,9,362,27.09426983163654,Approved
2020-07-09,1,27,20,6,441,20.22541805245349,Approved
2020-07-10,27,5,18,9,26,31.382680822441557,Approved
2020-07-11,62,20,14,4,25,24.150062799283344,Rejected
2020-07-12,77,11,2,8,394,21.491263703639586,Rejected
2020-07-13,3,10,9,4,507,42.48508428680869,Rejected
2020-07-14,70,40,5,2,301,90.78385138835341,Approved
2020-07-15,72,38,20,10,339,50.705964673871826,Rejected
2020-07-16,27,6,26,9,267,18.792038081532304,Rejected
2020-07-17,9,8,29,5,461,7.697166938087408,Approved
2020-07-18,62,23,1,4,693,69.61561451379252,Approved
2020-07-19,37,47,23,2,456,38.279876443638784,Rejected
2020-07-20,97,26,3,1,360,82.18309465853592,Rejected
2020-07-21,51,46,6,7,68,65.95107686407702,Rejected
2020-07-22,44,43,5,6,863,79.62414505413685,Rejected
2020-07-23,24,12,21,2,412,27.194603941844875,Approved
2020-07-24,79,26,27,8,971,69.2358922461058,Approved
2020-07-25,59,13,5,4,491,26.406198469371876,Approved
2020-07-26,32,40,1,8,833,93.90684794502916,Rejected
2020-07-27,96,18,17,7,49,63.63742815333744,Rejected
2020-07-28,88,25,19,5,687,32.451180017534206,Approved
2020-07-29,52,33,14,10,564,26.951186229227265,Approved
2020-07-30,62,47,12,10,102,19.09265850716435,Rejected
2020-07-31,58,40,10,8,216,69.46409588937279,Rejected
2020-08-01,52,43,20,9,438,21.87156129979273,Approved
2020-08-02,12,12,21,5,700,59.53032659274891,Approved
2020-08-03,39,44,18,10,569,26.463502692535734,Approved
2020-08-04,2,36,24,5,559,66.19689447938686,Rejected
2020-08-05,3,48,27,2,159,81.49397285405392,Rejected
2020-08-06,56,4,11,5,489,77.80252431446532,Rejected
2020-08-07,81,5,2,3,686,76.08513309307817,Rejected
2020-08-08,59,37,25,7,242,18.772240569225207,Rejected
2020-08-09,2,8,18,10,794,8.838494698451871,Rejected
2020-08-10,2,42,29,5,753,69.89488284873856,Approved
2020-08-11,92,49,25,8,882,36.83472137943513,Approved
2020-08-12,54,28,7,1,5,43.23462264033473,Rejected
2020-08-13,87,31,24,3,596,3.1149092793391064,Approved
2020-08-14,96,9,15,3,820,25.95764492750492,Rejected
2020-08-15,97,29,11,9,361,3.3676403874464023,Approved
2020-08-16,1,14,18,5,459,87.91857726012476,Rejected
2020-08-17,19,40,23,9,248,24.339668321853047,Approved
2020-08-18,2,41,12,9,566,55.73371695730081,Approved
2020-08-19,53,22,6,1,673,3.897932066113041,Rejected
2020-08-20,44,11,20,2,946,66.6847391305658,Rejected
2020-08-21,90,23,23,5,422,32.30273457540939,Approved
2020-08-22,32,1,13,4,923,89.79191869576658,Approved
2020-08-23,70,46,20,10,738,88.81181889340358,Rejected
2020-08-24,32,37,16,9,15,32.529061836174776,Approved
2020-08-25,68,21,18,7,736,90.09608956904678,Rejected
2020-08-26,55,26,10,6,573,99.61576734987788,Rejected
2020-08-27,75,46,28,7,122,82.5415664123948,Approved
2020-08-28,56,36,23,1,277,84.4871347755229,Rejected
2020-08-29,17,23,8,1,558,24.90087361090899,Approved
2020-08-30,38,1,18,8,453,57.67023988577563,Approved
2020-08-31,24,40,21,2,390,6.725591396736785,Rejected
2020-09-01,69,15,1,10,294,9.491793682166971,Approved
2020-09-02,98,21,23,9,574,99.88926120332906,Rejected
2020-09-03,70,47,8,7,598,32.663924942591095,Rejected
2020-09-04,86,9,29,6,446,74.81839120488463,Rejected
2020-09-05,11,9,6,1,210,80.66650530268164,Approved
2020-09-06,16,10,5,1,590,85.80232710072292,Rejected
2020-09-07,97,26,15,2,714,99.76282974021565,Approved
2020-09-08,73,41,22,6,302,24.149648525686786,Rejected
2020-09-09,59,35,15,6,909,4.035082685969971,Rejected
2020-09-10,70,25,2,2,223,41.1191517994586,Rejected
2020-09-11,80,26,1,1,734,13.008066982894695,Approved
2020-09-12,93,11,23,10,3,2.2425889162055124,Approved
2020-09-13,3,38,23,5,990,36.04268271414861,Rejected
2020-09-14,20,2,26,5,518,78.37382510752364,Rejected
2020-09-15,59,7,11,2,93,56.61806912250709,Approved
2020-09-16,36,18,10,6,520,31.277798921035405,Approved
2020-09-17,19,27,18,9,428,65.43420054927196,Approved
2020-09-18,90,34,18,2,493,23.20181803088107,Rejected
2020-09-19,67,27,17,10,235,1.4381446072085025,Approved
2020-09-20,19,17,26,2,620,76.43533864364274,Rejected
2020-09-21,20,43,8,3,161,62.374308486400906,Approved
2020-09-22,96,44,15,7,721,76.23026245009599,Rejected
2020-09-23,71,24,8,6,752,3.893801668766561,Rejected
2020-09-24,52,25,17,8,331,83.71196278306522,Rejected
2020-09-25,33,7,12,8,333,61.95262000363033,Approved
2020-09-26,40,6,27,6,50,56.33953507126401,Approved
2020-09-27,39,24,8,10,523,62.46140481145316,Approved
2020-09-28,82,33,25,3,863,86.4433246868364,Rejected
2020-09-29,1,49,14,3,668,58.69365065589071,Rejected
2020-09-30,11,29,4,1,492,58.095037988817936,Approved
2020-10-01,92,43,1,7,582,99.06791570657658,Rejected
2020-10-02,57,22,1,5,681,75.6730167068568,Rejected
2020-10-03,89,26,19,4,272,44.22938054511353,Rejected
2020-10-04,50,28,16,10,580,70.73970000329277,Approved
2020-10-05,23,21,14,4,867,38.92304716917885,Rejected
2020-10-06,31,49,21,4,252,22.8875462483499,Approved
2020-10-07,94,7,16,6,560,59.68518768877594,Approved
2020-10-08,42,17,5,8,696,92.81820981139515,Approved
2020-10-09,99,20,9,8,832,92.91395200154628,Approved
2020-10-10,7,41,26,5,699,34.19052781054903,Approved
2020-10-11,16,49,28,6,90,52.7677466221695,Rejected
2020-10-12,90,20,2,4,446,21.16358985698612,Approved
2020-10-13,60,22,18,9,332,99.56311094988834,Approved
2020-10-14,2,28,6,8,139,98.11179078679358,Approved
2020-10-15,1,40,9,10,357,64.95089297074473,Rejected
2020-10-16,48,49,1,10,601,80.44140596774734,Rejected
2020-10-17,12,7,9,1,274,71.51001612837,Rejected
2020-10-18,69,1,25,2,19,59.31582190394682,Rejected
2020-10-19,37,32,16,9,983,5.3347996988897695,Approved
2020-10-20,32,13,13,8,311,45.476434255266106,Approved
2020-10-21,9,30,9,3,870,67.47863021674105,Rejected
2020-10-22,99,23,21,8,886,67.75316138836847,Rejected
2020-10-23,19,19,13,1,978,37.31226184223836,Rejected
2020-10-24,48,32,9,10,154,94.16919866580305,Rejected
2020-10-25,80,30,11,4,390,16.7357032236781,Approved
2020-10-26,3,29,4,3,260,50.03594462155606,Rejected
2020-10-27,20,49,2,6,620,69.08839765508228,Rejected
2020-10-28,24,45,29,7,883,69.71358058918092,Rejected
2020-10-29,54,29,6,4,797,64.86389567688155,Rejected
2020-10-30,33,30,14,7,571,27.528821345186017,Rejected
2020-10-31,24,16,4,9,125,15.620656868662197,Rejected
2020-11-01,75,40,6,2,354,63.594032682671084,Rejected
2020-11-02,72,19,19,3,273,59.930211613943776,Approved
2020-11-03,36,18,6,5,619,17.935601028924097,Approved
2020-11-04,38,1,2,3,811,70.51391455705634,Approved
2020-11-05,84,14,18,8,245,45.51719917336564,Approved
2020-11-06,99,47,13,10,848,66.7760591603153,Approved
2020-11-07,89,2,9,8,450,83.73670797701507,Approved
2020-11-08,99,28,23,8,930,16.972842857692317,Rejected
2020-11-09,25,49,19,9,247,1.9144867996836679,Rejected
2020-11-10,93,30,13,4,520,77.91025863957867,Approved
2020-11-11,18,38,11,5,141,60.96974251526159,Rejected
2020-11-12,82,4,1,5,362,69.96395696221217,Approved
2020-11-13,66,1,24,8,8,83.81549749886426,Rejected
2020-11-14,54,8,22,7,478,80.28109348245005,Rejected
2020-11-15,35,29,7,9,352,96.09201469288247,Rejected
2020-11-16,80,39,25,8,996,53.59350788521182,Rejected
2020-11-17,61,3,21,2,495,48.84956326599054,Rejected
2020-11-18,41,32,15,10,606,40.18871998907301,Rejected
2020-11-19,33,10,1,4,833,15.369104284420454,Approved
2020-11-20,68,10,12,6,427,57.26072328820224,Approved
2020-11-21,33,19,26,2,39,27.70125243259788,Rejected
2020-11-22,14,46,7,7,593,92.13075122129754,Approved
2020-11-23,21,34,15,3,187,58.31908042770976,Rejected
2020-11-24,48,33,21,3,596,59.284018050811014,Approved
2020-11-25,20,23,19,2,600,35.492466087701004,Rejected
2020-11-26,8,28,28,8,754,5.198935197770749,Approved
2020-11-27,7,32,29,6,854,3.174376537298862,Rejected
2020-11-28,67,7,25,1,93,42.33351441531975,Approved
2020-11-29,17,29,1,1,86,8.456537809723786,Rejected
2020-11-30,33,8,17,7,44,60.68469555401391,Approved
2020-12-01,48,1,17,8,137,88.09730056396575,Rejected
2020-12-02,76,3,3,5,421,88.29148165187222,Rejected
2020-12-03,59,24,12,5,74,65.90454101322324,Rejected
2020-12-04,86,23,6,4,548,21.1231831472931,Approved
2020-12-05,22,8,26,6,613,86.29968313588721,Approved
2020-12-06,30,47,11,6,988,88.60934353132082,Approved
2020-12-07,38,37,3,3,512,19.66535849529587,Rejected
2020-12-08,51,3,8,9,156,73.74260857706773,Approved
2020-12-09,54,33,14,7,938,28.651954892712293,Rejected
2020-12-10,8,28,14,1,255,80.26403123529296,Approved
2020-12-11,27,47,10,7,171,99.72378999036027,Approved
2020-12-12,27,8,2,5,981,3.0026005329392813,Approved
2020-12-13,98,34,14,5,728,89.73658657909318,Approved
2020-12-14,21,35,9,2,170,62.26305335986581,Rejected
2020-12-15,30,32,3,4,764,97.33826191648211,Approved
2020-12-16,97,24,21,6,872,46.50095175264276,Approved
2020-12-17,28,14,26,10,322,84.73879305713737,Rejected
2020-12-18,64,32,8,7,567,6.239406859827723,Rejected
2020-12-19,97,46,16,5,456,33.527905007829574,Approved
2020-12-20,69,43,2,9,944,6.701653775120997,Approved
2020-12-21,61,16,6,3,603,97.53431334790706,Rejected
2020-12-22,48,4,28,1,790,81.69739072718367,Rejected
2020-12-23,19,37,21,4,613,85.25474212459704,Rejected
2020-12-24,4,21,29,9,155,93.79652314338942,Approved
2020-12-25,35,14,26,4,889,8.510348611978536,Approved
2020-12-26,64,31,25,2,349,38.55975925133334,Approved
2020-12-27,49,48,12,10,451,7.103488904400212,Rejected
2020-12-28,17,18,5,5,876,21.07931015500286,Rejected
2020-12-29,44,7,2,3,653,22.936577703767234,Rejected
2020-12-30,92,10,16,9,173,46.91072110475787,Approved
2020-12-31,30,7,5,4,10,26.856216745364257,Rejected
2021-01-01,93,33,15,6,740,10.09781068177611,Approved
2021-01-02,46,23,12,2,265,16.749108909410772,Rejected
2021-01-03,6,21,4,6,438,14.727556355209092,Approved
2021-01-04,99,19,15,3,760,97.30767979122983,Approved
2021-01-05,37,48,11,9,247,75.92925069184736,Rejected
2021-01-06,24,19,16,2,667,96.7761465269562,Approved
2021-01-07,93,36,23,9,546,43.974048650790856,Rejected
2021-01-08,46,29,6,5,499,27.83684816626566,Approved
2021-01-09,53,18,14,8,129,79.82931972091866,Rejected
2021-01-10,95,2,18,2,672,32.62539180411468,Rejected
2021-01-11,99,1,12,6,601,29.93833737053483,Approved
2021-01-12,60,47,27,3,605,23.25059922078312,Rejected
2021-01-13,97,5,11,10,327,12.967897822423534,Approved
2021-01-14,63,20,13,5,753,25.646306101676597,Rejected
2021-01-15,85,11,21,8,835,35.53197484738877,Rejected
2021-01-16,32,42,23,10,980,67.39942081457303,Rejected
2021-01-17,87,2,11,1,404,6.256484221945158,Rejected
2021-01-18,33,3,23,5,629,21.050693966534297,Approved
2021-01-19,67,23,16,3,606,80.90236402916764,Rejected
2021-01-20,18,12,15,4,675,14.692192358377076,Rejected
2021-01-21,25,20,21,2,611,34.26451465225215,Approved
2021-01-22,95,5,28,9,625,86.46589218581401,Approved
2021-01-23,54,37,15,3,359,15.492531114344265,Approved
2021-01-24,58,38,25,2,603,8.27368356181899,Approved
2021-01-25,67,30,4,10,858,48.45379950800108,Approved
2021-01-26,46,9,11,9,718,30.24195112785364,Approved
2021-01-27,24,34,19,7,17,56.34083644838541,Rejected
2021-01-28,32,44,15,6,274,80.38048904834751,Approved
2021-01-29,47,35,4,1,685,13.714848815274316,Rejected
2021-01-30,86,22,21,5,116,58.0699084554285,Approved
2021-01-31,23,44,13,3,861,50.550876038986395,Rejected
2021-02-01,66,24,22,1,980,14.407878601319958,Rejected
2021-02-02,27,17,19,4,693,62.39984855289824,Rejected
2021-02-03,2,10,2,2,91,27.364041786077166,Approved
2021-02-04,90,30,14,2,82,48.78343185440125,Approved
2021-02-05,17,46,29,3,324,8.227232427706188,Approved
2021-02-06,33,23,4,8,961,45.958405721362304,Approved
2021-02-07,9,32,16,8,114,30.646346804282032,Rejected
2021-02-08,43,17,21,7,769,82.23812111853543,Approved
2021-02-09,48,17,20,6,58,5.697872699736828,Rejected
2021-02-10,39,14,14,9,154,41.860727491832996,Rejected
2021-02-11,93,9,27,4,877,45.8431424131438,Approved
2021-02-12,42,40,29,1,404,72.50060762991187,Approved
2021-02-13,26,2,15,8,628,57.428757509021096,Approved
2021-02-14,99,45,28,7,855,66.72123371941811,Rejected
2021-02-15,50,25,3,7,266,77.7049285651756,Approved
2021-02-16,25,39,8,3,315,86.22029736581888,Rejected
2021-02-17,24,9,16,4,715,31.38754967224705,Approved
2021-02-18,13,22,10,10,41,53.802270536390296,Rejected
2021-02-19,60,43,4,9,105,84.01080784391999,Approved
2021-02-20,7,46,18,6,901,98.94511309650565,Approved
2021-02-21,57,4,2,5,890,88.95193110437631,Rejected
2021-02-22,36,26,17,3,193,37.14672626243768,Approved
2021-02-23,45,29,13,9,401,19.516651721865042,Approved
2021-02-24,20,45,4,5,278,48.93925374065887,Approved
2021-02-25,65,34,26,5,354,74.16414518360422,Approved
2021-02-26,8,23,25,4,749,49.25690707532976,Approved
2021-02-27,16,37,11,4,937,48.31808633136685,Approved
2021-02-28,14,11,7,1,733,83.82304210818006,Approved
2021-03-01,76,6,12,7,580,36.14037790671863,Rejected
2021-03-02,87,18,10,9,709,85.97946748116456,Rejected
2021-03-03,15,21,7,3,256,40.680480095172356,Approved
2021-03-04,92,42,13,2,651,32.82331056783394,Approved
2021-03-05,98,36,7,3,824,45.3989911199699,Approved
2021-03-06,66,41,24,1,947,76.24469586748684,Rejected
2021-03-07,32,38,17,6,661,12.600202786399429,Rejected
2021-03-08,87,34,10,7,99,19.64192158720174,Approved
2021-03-09,63,17,29,2,588,95.1444825663092,Rejected
2021-03-10,86,37,10,8,282,17.54916273813574,Approved
2021-03-11,51,25,24,6,883,56.77273179310546,Approved
2021-03-12,25,38,4,4,403,57.931446666193786,Approved
2021-03-13,58,12,20,5,109,48.96244620502448,Approved
2021-03-14,63,23,4,8,700,64.47452485768186,Rejected
2021-03-15,62,42,22,3,199,22.982672579761843,Rejected
2021-03-16,22,22,7,3,303,55.266226777674824,Approved
2021-03-17,58,21,22,4,327,37.21732552468971,Rejected
2021-03-18,58,27,1,1,154,66.1667259629189,Rejected
2021-03-19,86,31,12,9,552,14.122354337314945,Approved
2021-03-20,49,6,24,8,645,57.08774168394763,Rejected
2021-03-21,52,27,13,8,405,18.52703553833237,Approved
2021-03-22,42,40,10,10,462,27.86430631150364,Approved
2021-03-23,70,34,15,6,132,21.87098003235832,Approved
2021-03-24,15,12,27,7,791,18.28377798688171,Approved
2021-03-25,54,45,13,6,874,82.5710951560667,Rejected
2021-03-26,60,7,23,9,84,28.570756766089033,Approved
2021-03-27,97,10,22,3,399,92.71237818644494,Rejected
2021-03-28,8,45,22,3,754,96.99265253451908,Approved
2021-03-29,53,17,21,3,628,57.126046993709735,Approved
2021-03-30,60,26,22,10,109,14.30011226657264,Rejected
2021-03-31,5,21,28,3,221,37.45482433795813,Approved
2021-04-01,68,28,9,9,904,79.7732263348214,Rejected
2021-04-02,6,46,26,4,553,36.739072869707044,Rejected
2021-04-03,96,2,9,7,368,8.701721830278874,Approved
2021-04-04,94,43,15,9,147,55.678491092818795,Approved
2021-04-05,47,1,10,7,112,84.51208514960348,Approved
2021-04-06,99,36,24,9,615,79.59263871435024,Approved
2021-04-07,55,26,26,3,558,17.512314013035322,Approved
2021-04-08,40,29,25,4,924,67.27646144124667,Approved
2021-04-09,52,21,29,8,494,22.05042634356471,Rejected
2021-04-10,16,11,10,6,505,21.820753455217222,Rejected
2021-04-11,13,40,8,5,475,87.40717733051852,Approved
2021-04-12,30,11,24,4,836,24.966895274023017,Rejected
2021-04-13,19,36,16,8,890,26.32473465180112,Rejected
2021-04-14,17,49,17,1,271,0.06533907612995549,Approved
2021-04-15,63,39,26,9,995,87.06690341255177,Approved
2021-04-16,19,40,27,1,421,79.25948132091347,Rejected
2021-04-17,92,35,5,8,897,62.7328935090678,Approved
2021-04-18,58,34,4,4,707,75.02657639388423,Rejected
2021-04-19,55,47,18,9,367,15.20485674244918,Approved
2021-04-20,90,24,24,5,280,45.832359458757544,Rejected
2021-04-21,90,22,19,3,283,35.121938734878086,Rejected
2021-04-22,62,5,4,9,40,9.37765262570165,Rejected
2021-04-23,23,33,28,9,959,48.61304852149241,Rejected
2021-04-24,9,36,7,4,189,92.07396503426354,Approved
2021-04-25,12,47,10,4,164,4.005911905069448,Approved
2021-04-26,1,20,25,8,994,29.14609134937939,Rejected
2021-04-27,58,19,18,2,989,20.754093620570345,Rejected
2021-04-28,1,35,19,9,536,23.81466536656963,Approved
2021-04-29,34,43,4,6,536,90.84345518793752,Approved
2021-04-30,96,17,10,9,4,46.806905423429015,Rejected
2021-05-01,48,45,1,8,835,46.62994129398188,Rejected
2021-05-02,89,43,23,7,290,76.05756424552823,Rejected
2021-05-03,1,34,18,1,953,15.44922040049258,Rejected
2021-05-04,16,9,5,3,433,48.72653541000508,Rejected
2021-05-05,61,26,15,2,471,42.99852141210597,Approved
2021-05-06,64,2,17,5,181,59.69106905466561,Rejected
2021-05-07,63,9,3,5,248,99.95577032504386,Approved
2021-05-08,69,9,12,5,628,76.9448894082047,Approved
2021-05-09,22,40,2,4,279,39.78657030174272,Approved
2021-05-10,93,17,1,5,877,82.75530522740469,Rejected
2021-05-11,67,1,23,3,581,17.070836331248017,Approved
2021-05-12,76,25,21,1,863,3.0463686308960125,Approved
2021-05-13,26,43,17,5,254,20.444837246427305,Approved
2021-05-14,16,40,22,9,181,34.041155611425964,Approved
2021-05-15,51,42,16,9,830,51.05807574595599,Rejected
2021-05-16,86,25,5,4,681,61.51291405411998,Rejected
2021-05-17,57,39,15,3,825,91.06057172144217,Approved
2021-05-18,29,35,3,1,509,50.98540095504577,Approved
2021-05-19,78,3,28,2,761,50.127564462572934,Rejected
2021-05-20,92,37,7,8,700,5.024300982298213,Rejected
2021-05-21,69,44,11,1,566,3.491155265622381,Rejected
2021-05-22,47,44,10,8,326,55.11599619163721,Approved
2021-05-23,94,30,9,7,357,43.81786132483445,Rejected
2021-05-24,62,38,14,8,825,83.91803949802986,Approved
2021-05-25,69,34,13,6,650,16.067958471184518,Approved
2021-05-26,76,12,29,9,680,2.49716621170496,Rejected
2021-05-27,16,19,25,3,391,44.903876793012586,Approved
2021-05-28,90,37,25,10,615,23.74785567522575,Rejected
2021-05-29,90,44,2,4,934,4.961437333883745,Approved
2021-05-30,48,49,3,6,85,72.4598286847629,Rejected
2021-05-31,85,17,7,8,317,11.159299995724748,Approved
2021-06-01,39,10,21,5,212,60.83195000077717,Approved
2021-06-02,33,49,18,3,515,28.104975016688915,Rejected
2021-06-03,94,47,3,6,384,17.3496050355022,Rejected
2021-06-04,23,12,10,4,691,37.97515229193175,Rejected
2021-06-05,10,16,22,9,342,80.14457762229537,Rejected
2021-06-06,69,24,29,3,815,39.20935769045727,Approved
2021-06-07,34,19,7,4,964,75.07696492110557,Rejected
2021-06-08,52,8,9,7,988,12.548629679915068,Rejected
2021-06-09,95,31,17,7,844,77.27714196650791,Approved
2021-06-10,10,21,11,4,38,23.693332490664865,Rejected
2021-06-11,19,17,7,6,511,67.73931298888728,Rejected
2021-06-12,58,23,24,3,420,56.57815548409963,Approved
2021-06-13,96,37,28,6,751,92.91447172116874,Rejected
2021-06-14,1,16,14,2,169,38.732251797531404,Rejected
2021-06-15,69,6,19,8,965,6.616518883444044,Rejected
2021-06-16,4,8,4,2,909,1.9155485551252904,Rejected
2021-06-17,16,25,26,7,343,82.6858560972753,Rejected
2021-06-18,24,18,6,9,826,52.473563766143215,Rejected
2021-06-19,80,25,10,1,306,77.52440518349492,Approved
2021-06-20,2,12,7,8,542,23.44256000115147,Rejected
2021-06-21,92,15,13,7,702,34.50837455132337,Approved
2021-06-22,32,26,14,6,869,3.010387221131894,Approved
2021-06-23,91,41,4,6,537,96.14923245741122,Approved
2021-06-24,84,45,8,6,112,66.78679067008134,Approved
2021-06-25,24,26,5,9,411,93.32050877593062,Rejected
2021-06-26,12,47,1,2,947,26.549640742907233,Rejected
2021-06-27,50,32,4,1,206,61.146361122566084,Rejected
2021-06-28,35,10,3,6,185,67.84999682926379,Approved
2021-06-29,33,16,9,10,382,31.754970025758844,Rejected
2021-06-30,33,7,8,8,496,84.81092350156301,Rejected
2021-07-01,61,17,1,3,379,94.71614629002478,Rejected
2021-07-02,51,23,27,10,47,88.48551176960044,Approved
2021-07-03,43,26,6,1,886,73.90669759393725,Approved
2021-07-04,12,21,9,9,740,27.746467972495402,Rejected
2021-07-05,67,22,7,1,551,28.161604210563173,Approved
2021-07-06,65,7,4,3,528,96.3360320446038,Approved
2021-07-07,33,14,13,8,504,1.0284495935692028,Rejected
2021-07-08,40,15,17,3,22,71.60499732421445,Approved
2021-07-09,74,7,28,4,213,70.62461625552622,Approved
2021-07-10,43,9,2,8,310,62.26895409497975,Rejected
2021-07-11,44,48,28,1,661,99.01088460868658,Approved
2021-07-12,29,8,5,6,968,31.187943576372522,Approved
2021-07-13,13,23,12,1,753,33.997186379324816,Approved
2021-07-14,12,29,27,1,272,7.893940294655555,Approved
2021-07-15,95,18,21,8,571,44.27981365437375,Approved
2021-07-16,46,31,8,4,799,26.10485262348481,Approved
2021-07-17,2,30,6,1,938,34.338670217764424,Approved
2021-07-18,35,39,8,10,202,83.45717902556277,Approved
2021-07-19,87,35,18,7,32,93.54845135274957,Rejected
2021-07-20,81,18,3,5,443,18.573307200518563,Rejected
2021-07-21,90,42,22,5,162,37.25089315534659,Rejected
2021-07-22,8,39,12,1,767,92.8630562115394,Rejected
2021-07-23,93,17,29,10,254,6.180846068922263,Approved
2021-07-24,26,14,26,6,521,9.236052811137851,Rejected
2021-07-25,74,31,3,9,977,16.279098920622936,Rejected
2021-07-26,90,24,22,9,651,59.521283412687474,Approved
2021-07-27,34,35,6,8,480,15.047227100599747,Approved
2021-07-28,7,44,2,5,10,96.80763814507335,Approved
2021-07-29,68,45,23,1,726,44.671452725852035,Approved
2021-07-30,58,34,12,9,505,50.15179603501664,Approved
2021-07-31,75,3,2,1,785,24.66586158054065,Rejected
2021-08-01,29,37,6,8,836,47.09602524347335,Approved
2021-08-02,36,43,17,5,560,66.19136326370115,Rejected
2021-08-03,89,40,3,3,436,75.11771369540428,Rejected
2021-08-04,21,26,2,7,111,75.3868082709913,Approved
2021-08-05,36,23,23,7,153,57.789111269408835,Rejected
2021-08-06,10,44,20,9,635,90.43597749938573,Rejected
2021-08-07,73,39,8,7,917,81.74078473061094,Approved
2021-08-08,24,15,22,3,869,75.70481146986255,Rejected
2021-08-09,64,49,12,1,102,5.560552168046062,Rejected
2021-08-10,99,4,26,8,753,0.6877962219649314,Rejected
2021-08-11,49,29,4,3,833,21.244727719547296,Approved
2021-08-12,99,22,5,8,191,66.35235939134523,Approved
2021-08-13,36,25,13,8,729,41.119748888254584,Approved
2021-08-14,82,13,29,5,563,40.24062592993117,Rejected
2021-08-15,96,18,15,1,804,88.45868882296138,Approved
2021-08-16,24,33,25,10,81,89.55628481318388,Rejected
2021-08-17,23,16,23,7,489,90.91752640535857,Approved
2021-08-18,62,45,16,10,895,31.38780765150273,Rejected
2021-08-19,96,42,10,5,88,69.10558127392618,Approved
2021-08-20,37,44,25,8,194,27.163318127436963,Approved
2021-08-21,12,2,23,9,104,19.060983307444978,Rejected
2021-08-22,55,35,16,7,783,18.463245734736923,Approved
2021-08-23,13,42,12,7,96,34.2107620863594,Rejected
2021-08-24,23,34,17,1,423,42.99576197798217,Approved
2021-08-25,89,30,16,4,891,83.09491710550684,Approved
2021-08-26,99,13,12,2,198,11.98910934727121,Rejected
2021-08-27,30,13,8,2,1,73.49258473948942,Rejected
2021-08-28,17,18,20,2,407,53.14549141893053,Rejected
2021-08-29,62,32,3,4,378,28.794534267599246,Approved
2021-08-30,84,32,16,1,167,49.281958453282456,Rejected
2021-08-31,89,35,13,4,509,29.994206977702266,Approved
2021-09-01,86,39,23,2,638,59.608195523830595,Rejected
2021-09-02,13,46,28,5,313,43.38439228552442,Rejected
2021-09-03,59,29,19,3,593,16.440552907887874,Rejected
2021-09-04,19,49,8,8,418,11.658307455569672,Rejected
2021-09-05,49,29,22,4,763,54.66956820721302,Rejected
2021-09-06,12,44,5,1,681,90.24130332861034,Rejected
2021-09-07,61,16,20,1,477,34.395768655768556,Approved
2021-09-08,19,44,8,10,73,73.30001072226231,Rejected
2021-09-09,76,47,24,3,141,65.8661354939767,Approved
2021-09-10,9,10,12,9,582,93.1554914309481,Rejected
2021-09-11,71,30,1,7,262,82.09810172991409,Rejected
2021-09-12,28,25,25,2,340,56.660525890546296,Rejected
2021-09-13,78,39,21,9,308,65.70304982341074,Approved
2021-09-14,95,20,20,10,245,89.83864665840349,Approved
2021-09-15,52,5,6,2,515,39.95187845869348,Rejected
2021-09-16,83,1,22,3,337,32.679470585777736,Approved
2021-09-17,16,30,18,10,575,1.081108363519634,Rejected
2021-09-18,69,49,8,2,561,82.65510741914642,Rejected
2021-09-19,99,3,7,3,76,80.0980700403365,Approved
2021-09-20,12,45,1,6,880,10.445451810015138,Approved
2021-09-21,25,14,21,9,175,57.68573811327003,Approved
2021-09-22,52,30,16,9,109,46.398169816688736,Approved
2021-09-23,85,4,12,7,183,11.870909550911147,Rejected
2021-09-24,53,18,6,3,192,98.05682270607235,Approved
2021-09-25,23,37,20,4,65,21.469588746335543,Approved
2021-09-26,16,25,2,6,849,6.723418009056115,Rejected
2021-09-27,57,48,29,5,963,59.48473795019096,Approved
2021-09-28,39,1,14,2,474,73.88666771330327,Approved
2021-09-29,53,46,4,6,783,3.2443446047186963,Approved
2021-09-30,42,15,1,3,100,65.87176387270222,Approved
2021-10-01,58,9,23,8,544,53.22918759514545,Rejected
2021-10-02,39,15,18,2,864,10.326500887504842,Rejected
2021-10-03,14,49,13,1,128,17.252387694636205,Approved
2021-10-04,95,24,2,9,452,56.79742973160805,Approved
2021-10-05,5,4,9,3,914,29.63576135132884,Rejected
2021-10-06,35,12,21,1,369,93.8315728651316,Approved
2021-10-07,87,37,2,7,851,81.87402294840508,Approved
2021-10-08,93,37,27,10,43,98.3567206513663,Approved
2021-10-09,75,43,25,5,884,25.967083895041398,Approved
2021-10-10,18,6,9,5,419,96.9723632797977,Approved
2021-10-11,76,39,1,1,488,43.12338697915579,Approved
2021-10-12,9,46,11,9,78,34.751879531375465,Approved
2021-10-13,74,24,3,7,826,5.034952696935324,Approved
2021-10-14,58,11,20,8,801,5.276525785960262,Approved
2021-10-15,17,13,23,9,270,69.20112559466547,Rejected
2021-10-16,7,34,26,6,674,45.79289944340279,Rejected
2021-10-17,46,25,4,5,701,22.65216260361057,Rejected
2021-10-18,13,7,18,6,759,61.39703063252326,Approved
2021-10-19,40,4,23,2,900,25.285811825011116,Approved
2021-10-20,42,8,6,4,728,57.76317543444226,Rejected
2021-10-21,9,20,3,3,315,35.92087469826903,Approved
2021-10-22,50,29,22,7,925,82.3552226611819,Rejected
2021-10-23,27,45,11,9,851,82.06961607667793,Approved
2021-10-24,66,46,15,5,902,47.73503981224013,Rejected
2021-10-25,5,10,22,6,889,35.08191093350156,Rejected
2021-10-26,29,43,28,10,993,36.25597965590946,Rejected
2021-10-27,37,34,5,2,945,80.57145256682179,Approved
2021-10-28,38,26,20,3,168,32.8179482797612,Rejected
2021-10-29,83,41,10,3,339,20.9059373706846,Approved
2021-10-30,8,49,12,9,193,8.468834187530682,Approved
2021-10-31,65,3,15,7,453,46.66931208844084,Approved
2021-11-01,86,6,17,8,283,48.213209891984185,Approved
2021-11-02,17,5,10,10,336,84.09087104029072,Approved
2021-11-03,71,5,6,9,390,22.123869644606398,Approved
2021-11-04,89,47,18,6,525,38.099127366839994,Approved
2021-11-05,45,23,13,4,240,80.8405738893691,Rejected
2021-11-06,4,49,3,1,832,82.36236107489735,Rejected
2021-11-07,36,9,24,8,958,38.46110759787682,Rejected
2021-11-08,70,35,10,7,483,45.91240232866809,Approved
2021-11-09,31,20,14,2,659,30.328589084928293,Approved
2021-11-10,19,49,6,8,716,93.2554878419312,Approved
2021-11-11,61,42,3,5,592,11.864376574158031,Approved
2021-11-12,54,35,16,7,891,93.374942300147,Rejected
2021-11-13,39,18,7,4,555,68.38664518353433,Approved
2021-11-14,91,17,20,5,458,53.15721526867312,Rejected
2021-11-15,74,24,14,8,89,3.2659060784495875,Approved
2021-11-16,90,3,9,1,660,47.55961918220083,Rejected
2021-11-17,19,32,15,1,95,40.774810500273226,Approved
2021-11-18,39,35,21,4,452,16.121881197512256,Rejected
2021-11-19,67,38,3,3,428,65.6409603500657,Approved
2021-11-20,45,13,2,10,151,97.11509073682858,Rejected
2021-11-21,13,47,27,2,514,56.218881106452514,Approved
2021-11-22,92,25,2,3,376,71.47532764439458,Rejected
2021-11-23,58,9,3,1,22,6.845045256601678,Rejected
2021-11-24,20,4,18,1,883,41.76669958169947,Approved
2021-11-25,92,14,14,6,313,11.635848516449588,Rejected
2021-11-26,72,37,20,5,997,61.27958355365104,Approved
2021-11-27,61,34,18,8,840,93.84821582141547,Approved
2021-11-28,39,11,10,2,519,66.17777324716386,Approved
2021-11-29,1,41,25,4,206,7.680304831442153,Rejected
2021-11-30,3,3,2,8,952,35.466620498508284,Rejected
2021-12-01,77,28,25,6,375,55.066337944085156,Approved
2021-12-02,92,29,29,1,451,40.320775613325225,Approved
2021-12-03,62,9,22,4,626,83.36440104751723,Rejected
2021-12-04,63,3,1,1,784,81.46710047099891,Rejected
2021-12-05,25,25,4,2,595,61.183102010322145,Rejected
2021-12-06,56,34,14,5,179,37.345794513270526,Approved
2021-12-07,33,12,1,8,210,25.533637376324414,Approved
2021-12-08,38,42,14,8,500,10.587431821312931,Approved
2021-12-09,6,9,16,3,464,35.4897683486554,Approved
2021-12-10,58,15,22,4,840,41.31725172077195,Approved
2021-12-11,44,40,14,10,124,67.58229251040736,Rejected
2021-12-12,45,25,29,6,993,65.81598242975734,Approved
2021-12-13,32,5,20,10,113,7.0108139641256955,Rejected
2021-12-14,45,11,3,3,12,39.525931543115775,Rejected
2021-12-15,61,34,3,2,126,18.177886721736193,Approved
2021-12-16,47,24,9,6,565,15.68127053168057,Rejected
2021-12-17,21,15,6,5,331,82.73021497372459,Approved
2021-12-18,80,38,25,10,901,4.191521671625753,Rejected
2021-12-19,85,8,13,5,283,41.91828759021213,Approved
2021-12-20,75,5,21,10,140,16.82036557665182,Approved
2021-12-21,36,48,2,5,401,87.9330215678474,Rejected
2021-12-22,99,26,8,10,902,55.704051327503514,Approved
2021-12-23,19,18,21,5,97,23.1380636376848,Rejected
2021-12-24,20,6,2,3,517,50.24272871663764,Approved
2021-12-25,57,37,4,7,569,73.14863597031159,Approved
2021-12-26,18,48,25,6,924,95.81180089194338,Approved
2021-12-27,47,13,15,4,846,22.044600424541894,Rejected
2021-12-28,49,28,4,2,69,88.61817721293451,Rejected
2021-12-29,14,5,13,9,118,93.43041141674902,Approved
2021-12-30,15,13,28,1,888,91.64205445320663,Rejected
2021-12-31,31,17,12,4,59,63.54143568619099,Approved
2022-01-01,1,40,28,1,33,62.982065443470766,Rejected
2022-01-02,54,45,13,6,318,40.32106331838228,Rejected
2022-01-03,3,32,14,4,50,75.23978823037879,Approved
2022-01-04,16,29,20,5,880,53.12940183509319,Approved
2022-01-05,87,3,18,5,489,67.74380712282945,Approved
2022-01-06,57,40,29,9,19,42.84579038487954,Approved
2022-01-07,75,34,28,1,726,73.14964640431391,Approved
2022-01-08,12,40,6,2,197,82.4471517604549,Rejected
2022-01-09,74,27,29,6,891,14.64362566028161,Rejected
2022-01-10,96,13,11,5,450,83.2929715574228,Approved
2022-01-11,16,45,2,7,990,54.029653179030724,Approved
2022-01-12,72,33,28,3,559,84.46659090902243,Approved
2022-01-13,76,6,23,3,679,43.13017063410146,Rejected
2022-01-14,24,24,19,10,452,37.904048538303506,Approved
2022-01-15,28,19,19,2,289,91.50607325172224,Approved
2022-01-16,8,16,5,3,141,25.11692675484013,Rejected
2022-01-17,92,40,19,10,84,84.42123252861431,Rejected
2022-01-18,36,28,2,1,694,48.40205725094041,Rejected
2022-01-19,90,33,10,5,391,51.40954425512597,Rejected
2022-01-20,8,48,25,5,591,30.8468281489484,Approved
2022-01-21,58,41,2,7,215,57.30422006190157,Rejected
2022-01-22,60,13,11,4,526,32.52111962762113,Rejected
2022-01-23,50,43,18,3,215,3.926941424165231,Approved
2022-01-24,28,45,29,1,403,27.199860534435604,Approved
2022-01-25,92,25,24,8,128,0.6379043406590679,Approved
2022-01-26,41,42,15,3,822,97.83547870568566,Rejected
2022-01-27,64,36,9,2,477,96.57472098197475,Approved
2022-01-28,27,27,23,4,760,39.5155297472305,Rejected
2022-01-29,63,38,19,3,404,72.8370854339646,Rejected
2022-01-30,17,7,9,1,29,34.580609841042495,Rejected
2022-01-31,73,5,3,3,792,67.1093157085976,Approved
2022-02-01,33,43,21,2,338,80.54300430459791,Rejected
2022-02-02,84,45,9,8,831,94.67562446922408,Approved
2022-02-03,77,31,28,6,714,40.0212275849672,Approved
2022-02-04,92,23,14,9,361,78.32979829560477,Approved
2022-02-05,29,42,19,8,569,26.59284506321188,Rejected
2022-02-06,13,10,7,10,392,99.03323037936484,Rejected
2022-02-07,46,32,16,3,218,2.5769598764351143,Rejected
2022-02-08,35,43,16,5,574,60.3528806501121,Approved
2022-02-09,6,30,28,7,669,65.95059816513272,Rejected
2022-02-10,82,39,1,5,202,68.80455570741289,Rejected
2022-02-11,69,31,4,8,17,12.038757878908902,Rejected
2022-02-12,47,18,4,5,322,93.85297834731304,Rejected
2022-02-13,25,36,7,1,518,18.11832790500828,Rejected
2022-02-14,66,2,8,5,570,62.27534032398411,Approved
2022-02-15,10,14,17,4,325,22.267607912308495,Approved
2022-02-16,56,13,5,6,412,30.72164170212709,Approved
2022-02-17,30,29,7,3,318,54.645854172812435,Approved
2022-02-18,5,12,28,5,681,41.719341856457646,Rejected
2022-02-19,33,39,20,2,965,16.02256009765063,Approved
2022-02-20,65,2,29,6,82,17.093640242084827,Rejected
2022-02-21,18,32,20,6,474,41.814478816279966,Approved
2022-02-22,96,13,4,5,468,75.72829782755008,Approved
2022-02-23,49,46,28,6,425,89.79646468477885,Approved
2022-02-24,11,27,6,7,945,8.412766225938284,Rejected
2022-02-25,85,49,7,5,731,39.310390755940105,Rejected
2022-02-26,26,41,18,1,689,10.024556372287662,Approved
2022-02-27,63,17,5,8,204,1.6592480632597884,Rejected
2022-02-28,89,40,20,4,583,66.17186826439566,Approved
2022-03-01,86,31,29,9,387,60.24494419665878,Approved
2022-03-02,59,34,3,10,778,16.301911381488623,Approved
2022-03-03,27,24,7,6,98,23.38128330930641,Rejected
2022-03-04,49,45,27,1,345,2.370775364451838,Approved
2022-03-05,77,35,28,3,803,83.49472056944037,Approved
2022-03-06,33,48,22,3,208,97.46905960485515,Approved
2022-03-07,98,6,14,10,514,13.545953679469081,Rejected
2022-03-08,99,19,7,4,636,23.147521376529813,Approved
2022-03-09,1,30,5,6,792,86.8409523946934,Rejected
2022-03-10,21,7,29,7,586,92.64637979561849,Approved
2022-03-11,55,10,22,10,166,41.96273828068103,Rejected
2022-03-12,6,41,5,4,22,5.062247226907413,Approved
2022-03-13,92,32,23,6,154,3.93918336928194,Approved
2022-03-14,81,34,2,1,939,57.39498660690104,Rejected
2022-03-15,69,28,27,8,439,39.2895108893179,Rejected
2022-03-16,95,15,21,7,295,2.8652427577654516,Approved
2022-03-17,5,30,22,9,219,58.32523923125568,Rejected
2022-03-18,3,37,6,3,669,1.1302536589022472,Approved
2022-03-19,53,29,15,2,495,78.73719581492729,Approved
2022-03-20,23,22,21,1,230,30.643282270337156,Approved
2022-03-21,53,4,10,3,20,4.02580030092321,Rejected
2022-03-22,37,20,23,5,987,58.835222098315334,Approved
2022-03-23,74,32,26,2,553,39.76844144330547,Rejected
2022-03-24,74,36,24,3,950,97.38004133571495,Approved
2022-03-25,83,4,7,4,148,54.41986625037022,Rejected
2022-03-26,17,27,5,7,108,27.52391810370083,Rejected
2022-03-27,85,17,1,3,403,70.94388646339748,Approved
2022-03-28,78,12,13,9,596,27.149200254271133,Rejected
2022-03-29,73,22,21,8,483,90.42432914075651,Approved
2022-03-30,1,17,26,4,367,37.47219705073764,Approved
2022-03-31,51,10,18,1,834,54.98685627762052,Approved
2022-04-01,45,1,13,1,414,5.0573103824228856,Approved
2022-04-02,77,22,21,1,309,42.61212379522308,Approved
2022-04-03,4,26,21,1,802,83.2363539660995,Rejected
2022-04-04,62,18,18,8,918,80.56488053633419,Approved
2022-04-05,65,14,5,3,835,22.431855885352626,Rejected
2022-04-06,32,47,13,6,134,22.60790710105627,Rejected
2022-04-07,34,29,4,3,719,81.73053122132367,Approved
2022-04-08,92,12,17,5,283,93.03984201693255,Rejected
2022-04-09,95,36,3,7,778,9.536092127300355,Approved
2022-04-10,72,35,17,2,73,45.005863942622526,Rejected
2022-04-11,39,12,28,6,481,33.745427896422896,Rejected
2022-04-12,26,7,11,6,352,87.06884554574394,Rejected
2022-04-13,34,29,21,3,560,8.352491468001876,Approved
2022-04-14,54,11,20,6,326,21.112594255803742,Rejected
2022-04-15,3,33,23,10,745,75.24683375864943,Approved
2022-04-16,50,6,21,10,443,5.129384898121558,Rejected
2022-04-17,12,47,26,5,100,49.25353807142893,Rejected
2022-04-18,65,15,4,2,59,44.210703467972,Rejected
2022-04-19,54,32,2,9,508,33.44011789887487,Rejected
2022-04-20,5,11,20,8,258,39.457231531892376,Approved
2022-04-21,94,23,16,3,413,52.99405869302329,Approved
2022-04-22,94,26,28,8,452,16.136735838838312,Rejected
2022-04-23,57,34,18,9,65,57.19958782835928,Rejected
2022-04-24,17,46,8,3,595,80.54323292999864,Approved
2022-04-25,47,34,3,3,154,76.01609297901591,Approved
2022-04-26,23,29,9,2,985,15.389990469377368,Approved
2022-04-27,79,4,29,8,266,14.92494697414739,Approved
2022-04-28,85,17,20,10,821,26.817436774491334,Rejected
2022-04-29,14,35,29,1,79,36.10747263410372,Rejected
2022-04-30,66,13,6,8,315,40.84555814084826,Approved
2022-05-01,75,41,10,7,662,67.96972168333453,Approved
2022-05-02,51,39,21,7,947,5.66804321658354,Approved
2022-05-03,38,15,10,3,560,3.4672704226066386,Approved
2022-05-04,64,29,13,1,917,39.191056294390904,Approved
2022-05-05,98,29,17,4,891,69.71636921379805,Approved
2022-05-06,38,11,9,9,248,19.343534295648258,Rejected
2022-05-07,50,32,17,5,790,64.15044812562518,Rejected
2022-05-08,98,2,24,1,868,25.982813794029948,Rejected
2022-05-09,82,47,9,5,610,88.60861088135164,Approved
2022-05-10,30,14,9,8,414,89.56899442666165,Approved
2022-05-11,79,20,1,8,25,29.72872042813265,Approved
2022-05-12,91,22,2,5,284,22.99937539632405,Rejected
2022-05-13,51,11,28,9,449,41.13039720662313,Approved
2022-05-14,63,27,16,1,881,24.05315851801487,Approved
2022-05-15,98,3,29,4,301,67.23838432917036,Rejected
2022-05-16,52,17,1,3,68,82.60646845482856,Approved
2022-05-17,38,44,10,2,7,67.3092130911217,Rejected
2022-05-18,97,28,18,8,817,82.43504472493495,Rejected
2022-05-19,88,29,26,7,137,39.69921622074742,Approved
2022-05-20,79,21,28,9,164,15.631697070886085,Rejected
2022-05-21,30,47,8,2,83,73.79509473975922,Approved
2022-05-22,51,16,21,4,897,36.047450514155386,Rejected
2022-05-23,81,37,28,6,650,67.12708252291326,Approved
2022-05-24,5,20,11,3,420,27.064394198176565,Rejected
2022-05-25,29,6,23,8,73,8.122963480667266,Approved
2022-05-26,4,19,2,3,237,99.25817954877634,Rejected
2022-05-27,10,5,8,2,46,15.620150793059928,Rejected
2022-05-28,56,3,27,3,618,98.8420993963481,Rejected
2022-05-29,17,1,22,6,928,97.72799325664472,Approved
2022-05-30,74,38,8,2,800,79.38181039080396,Approved
2022-05-31,17,15,17,8,262,65.94229620819976,Rejected
2022-06-01,84,34,15,1,176,57.78070502510847,Approved
2022-06-02,88,35,17,7,166,86.61015453778347,Rejected
2022-06-03,69,49,28,2,657,28.943952161948793,Approved
2022-06-04,34,25,23,10,842,46.7681212484877,Rejected
2022-06-05,6,24,24,6,370,61.93899693665019,Approved
2022-06-06,53,12,13,2,795,41.11904758694911,Rejected
2022-06-07,66,18,19,2,54,42.7486454090268,Rejected
2022-06-08,77,15,5,10,690,33.02846675020844,Rejected
2022-06-09,43,44,12,8,419,56.4231816684536,Rejected
2022-06-10,75,16,1,2,756,85.0574528015116,Approved
2022-06-11,23,27,23,7,507,20.152837800631286,Rejected
2022-06-12,55,8,5,3,341,93.44330387534414,Approved
2022-06-13,80,46,8,8,127,68.90876537482296,Approved
2022-06-14,95,25,13,7,409,82.32732126800302,Rejected
2022-06-15,75,17,8,8,924,55.619069263001165,Approved
2022-06-16,16,29,25,7,367,77.95167014240634,Approved
2022-06-17,8,8,23,6,271,1.620039733946721,Approved
2022-06-18,4,15,11,7,644,81.83804247795352,Rejected
2022-06-19,4,27,1,5,605,4.013885908536652,Approved
2022-06-20,56,46,13,7,379,88.99133763628625,Approved
2022-06-21,25,7,19,1,73,99.19627472386433,Rejected
2022-06-22,67,3,24,1,923,29.40674621767778,Rejected
2022-06-23,96,29,3,9,922,21.031855628579365,Approved
2022-06-24,67,44,24,5,915,76.53633638580408,Rejected
2022-06-25,27,24,17,5,248,25.302634092025322,Approved
2022-06-26,93,3,5,3,860,86.55623831722035,Approved
2022-06-27,32,20,20,5,785,10.28425921574767,Approved
2022-06-28,50,46,21,3,43,12.595519637935826,Rejected
2022-06-29,61,15,8,9,377,97.91515551006155,Approved
2022-06-30,51,25,26,9,41,67.38388982700046,Rejected
2022-07-01,19,30,14,6,170,84.68872244289528,Rejected
2022-07-02,21,14,4,1,946,32.4329377351518,Approved
2022-07-03,5,7,11,7,212,67.64837495206044,Rejected
2022-07-04,82,17,20,7,493,59.42418273085972,Rejected
2022-07-05,92,44,15,10,680,60.3150120122947,Rejected
2022-07-06,42,20,19,10,39,68.25324595377215,Rejected
2022-07-07,61,36,7,4,369,57.53591731290986,Rejected
2022-07-08,22,9,19,8,757,42.906236930266594,Approved
2022-07-09,21,38,28,6,151,27.592269438054686,Rejected
2022-07-10,70,48,19,4,111,76.8581330913202,Approved
2022-07-11,1,22,11,4,480,22.62724300031862,Approved
2022-07-12,5,2,26,2,436,69.23543061544142,Approved
2022-07-13,12,24,5,2,47,23.333282264932663,Approved
2022-07-14,90,8,5,4,575,62.53301699544539,Approved
2022-07-15,46,11,22,5,737,74.70782671290289,Approved
2022-07-16,34,13,8,8,366,21.87138889065392,Rejected
2022-07-17,49,17,10,6,69,5.994330086130828,Rejected
2022-07-18,78,8,6,4,299,13.097374299417408,Rejected
2022-07-19,90,21,15,7,944,60.59969672710255,Approved
2022-07-20,45,18,16,8,802,84.94464062257356,Rejected
2022-07-21,27,30,28,2,296,4.499682123542437,Rejected
2022-07-22,73,18,17,7,203,73.41512590416463,Rejected
2022-07-23,26,46,8,2,61,34.13186459500521,Approved
2022-07-24,47,47,8,2,946,47.85283699195225,Rejected
2022-07-25,86,31,25,8,963,92.88595498455656,Approved
2022-07-26,56,38,9,2,830,33.19715047358455,Rejected
2022-07-27,94,32,2,9,314,46.5336933939486,Approved
2022-07-28,63,11,15,1,161,1.3682414760681105,Approved
2022-07-29,48,45,18,9,331,8.159872000483837,Approved
2022-07-30,61,25,3,1,528,25.859159113478402,Rejected
2022-07-31,81,33,17,10,338,2.7852240821074403,Rejected
2022-08-01,26,38,4,10,606,63.1375326048251,Approved
2022-08-02,36,41,4,2,304,42.63983568016225,Rejected
2022-08-03,1,8,14,6,503,54.814520272802206,Approved
2022-08-04,8,11,9,6,650,17.464718589632955,Approved
2022-08-05,99,22,9,1,338,29.593202943661613,Rejected
2022-08-06,52,24,25,7,550,66.38244748527251,Rejected
2022-08-07,79,41,26,8,639,96.53027236303998,Rejected
2022-08-08,47,17,23,2,275,5.04167736022092,Approved
2022-08-09,56,12,18,8,164,89.03843208552661,Approved
2022-08-10,86,46,10,9,443,57.68812013112085,Rejected
2022-08-11,14,32,21,6,319,56.39195667556237,Approved
2022-08-12,90,15,4,5,589,50.027853520776034,Rejected
2022-08-13,28,16,12,9,504,6.9394085904183385,Approved
2022-08-14,87,22,27,9,686,8.987685173616066,Rejected
2022-08-15,78,28,8,1,387,60.09120056590861,Rejected
2022-08-16,88,20,2,3,970,34.09585714355583,Approved
2022-08-17,2,33,22,9,870,91.72680665776807,Rejected
2022-08-18,26,10,13,2,833,40.659053735947225,Rejected
2022-08-19,14,40,21,4,888,14.328145870264109,Approved
2022-08-20,59,32,16,4,603,71.4718833502036,Rejected
2022-08-21,56,33,28,2,750,29.335342144100984,Approved
2022-08-22,7,2,2,3,776,52.54703073558932,Rejected
2022-08-23,3,33,11,3,691,69.783278550517,Approved
2022-08-24,23,33,10,1,494,90.02641112020704,Rejected
2022-08-25,18,41,15,6,490,79.2191194801676,Rejected
2022-08-26,38,13,17,8,721,67.63610678727241,Rejected
2022-08-27,99,30,8,3,73,67.96331823951436,Rejected
2022-08-28,15,33,18,5,509,94.59246440320865,Approved
2022-08-29,64,13,23,1,390,29.582409749653603,Approved
2022-08-30,89,26,9,10,619,0.11120941961874076,Approved
2022-08-31,28,22,25,7,857,27.19545593981987,Approved
2022-09-01,74,39,8,10,295,21.7891379626744,Approved
2022-09-02,39,2,27,1,369,66.18345851139982,Approved
2022-09-03,57,38,14,9,956,63.3711599765529,Approved
2022-09-04,17,39,28,8,796,59.34613827047238,Rejected
2022-09-05,86,26,26,7,865,1.62434432094537,Rejected
2022-09-06,90,46,25,10,694,72.87780544506475,Rejected
2022-09-07,44,15,18,7,549,32.353041248549154,Rejected
2022-09-08,25,34,22,5,649,66.50559890066312,Approved
2022-09-09,17,42,20,5,850,55.65784285021533,Approved
2022-09-10,13,44,20,5,568,34.27309254279072,Approved
2022-09-11,84,49,21,1,187,13.457626710410775,Rejected
2022-09-12,25,40,12,8,853,9.441889766048096,Approved
2022-09-13,68,11,19,1,770,83.15183331122236,Rejected
2022-09-14,10,3,14,4,445,91.8397542081558,Approved
2022-09-15,67,6,17,9,570,64.97880467642996,Approved
2022-09-16,18,9,24,9,363,10.343411486048337,Approved
2022-09-17,86,6,21,5,123,40.20272168882407,Approved
2022-09-18,34,9,3,4,188,72.89392001051573,Rejected
2022-09-19,8,39,26,3,742,77.9820884010068,Rejected
2022-09-20,40,31,23,3,680,11.82186222910886,Approved
2022-09-21,83,32,7,5,420,0.003071884538241587,Rejected
2022-09-22,42,41,17,10,626,71.2137045880605,Approved
2022-09-23,41,12,12,1,252,35.659617598620564,Approved
2022-09-24,6,8,9,5,619,25.448133161826025,Approved
2022-09-25,52,8,15,6,549,1.289746978952544,Approved
2022-09-26,26,28,18,7,335,54.02994067614997,Rejected
